coef,se,p_value,ci_lo,ci_hi,n,n_left,n_right,n_clusters,spec,outcome,threshold,cutoff_km,bandwidth_km,donut_km,ring_lower_km,include_controls,add_year_fe,pct_effect
-0.025353299651555947,0.011721731332296625,0.03054646354404961,-0.04832789306285733,-0.002378706240254564,84126,45850,38276,51,schoolfe_bw_0.3,log_real_price_psf,80,1.0,0.3,0.0,,False,True,-2.5034603761508234
-0.01705656084222873,0.011120246589337909,0.12507163505521868,-0.03885224415733103,0.004739122472873572,134487,76008,58479,53,schoolfe_bw_0.5,log_real_price_psf,80,1.0,0.5,0.0,,False,True,-1.6911921227353188
-0.010356955779749388,0.011893494498914957,0.383858738271879,-0.0336682049976227,0.012954293438123928,202795,116193,86602,53,schoolfe_bw_0.8,log_real_price_psf,80,1.0,0.8,0.0,,False,True,-1.0303507193930916
-0.0051970957762661266,0.012114036380653555,0.6679127616799981,-0.028940607082347095,0.01854641552981484,223099,123154,99945,53,schoolfe_bw_1.0,log_real_price_psf,80,1.0,1.0,0.0,,False,True,-0.5183614239070322
0.009936503780886386,0.012674702106165782,0.4330615298067976,-0.014905912347198548,0.03477891990897132,39945,21606,18339,39,schoolfe_bw_0.3,log_real_price_psf,80,2.0,0.3,0.0,1.05,False,True,0.9986034753544981
0.005988069789578058,0.012837063370516419,0.640881076535593,-0.019172574416634124,0.03114871399579024,69786,41466,28320,45,schoolfe_bw_0.5,log_real_price_psf,80,2.0,0.5,0.0,1.05,False,True,0.6006034118799519
-0.0035962358398106916,0.017769284849367892,0.8396157925043388,-0.03842403414457176,0.031231562464950378,114997,73926,41071,51,schoolfe_bw_0.8,log_real_price_psf,80,2.0,0.8,0.0,1.05,False,True,-0.35897771283724955
0.0024047765490513777,0.022354372047213696,0.9143326524109073,-0.04140979266348747,0.04621934576159022,140986,92894,48092,53,schoolfe_bw_1.0,log_real_price_psf,80,2.0,1.0,0.0,1.05,False,True,0.2407670343354873
