coef,se,p_value,ci_lo,ci_hi,n,n_left,n_right,n_clusters,spec,outcome,threshold,cutoff_km,bandwidth_km,donut_km,ring_lower_km,include_controls,add_year_fe,pct_effect
-0.007711530962357299,0.012408625691607438,0.5342934831001855,-0.03203243731790788,0.01660937539319328,156398,96435,59963,63,schoolfe_threshold_75,log_real_price_psf,75,1.0,0.5,0.0,,False,True,-0.7681873391523042
-0.01705656084222625,0.01112024658933786,0.125071635055272,-0.03885224415732845,0.0047391224728759555,134487,76008,58479,53,schoolfe_threshold_80,log_real_price_psf,80,1.0,0.5,0.0,,False,True,-1.6911921227350746
-0.015158983228477843,0.01016284120927482,0.13580173382570787,-0.03507815199865649,0.004760185541700804,115879,60454,55425,42,schoolfe_threshold_85,log_real_price_psf,85,1.0,0.5,0.0,,False,True,-1.5044664224486581
-0.00551040441457204,0.016689315728210002,0.7412673013612354,-0.038221463241863644,0.027200654412719565,82052,40007,42045,32,schoolfe_threshold_90,log_real_price_psf,90,1.0,0.5,0.0,,False,True,-0.5495249984622697
0.05505240998122917,0.04172262283859434,0.1870067414411094,-0.02672393078241573,0.13682875074487408,56378,38404,17974,51,schoolfe_threshold_75,log_real_price_psf,75,2.0,0.5,0.0,1.05,False,True,5.65959894003587
0.005988069789579773,0.012837063370516426,0.6408810765354976,-0.01917257441663242,0.031148713995791964,69786,41466,28320,45,schoolfe_threshold_80,log_real_price_psf,80,2.0,0.5,0.0,1.05,False,True,0.6006034118801074
0.007626871484800477,0.01365210036056299,0.576394328287603,-0.01913124522190298,0.034384988191503936,74720,43270,31450,39,schoolfe_threshold_85,log_real_price_psf,85,2.0,0.5,0.0,1.05,False,True,0.7656030151786508
0.008982433237673006,0.01749256221119242,0.6076015091565279,-0.025302988696264142,0.04326785517161015,73953,39637,34316,29,schoolfe_threshold_90,log_real_price_psf,90,2.0,0.5,0.0,1.05,False,True,0.9022896352776311
