coef,se,p_value,ci_lo,ci_hi,n,n_left,n_right,n_clusters,spec,outcome,threshold,cutoff_km,bandwidth_km,donut_km,ring_lower_km,include_controls,add_year_fe,pct_effect
-0.01705656084222625,0.01112024658933786,0.125071635055272,-0.03885224415732845,0.0047391224728759555,134487,76008,58479,53,schoolfe_minimal,log_real_price_psf,80,1.0,0.5,0.0,,False,True,-1.6911921227350746
-0.008717898531355833,0.006548978129102333,0.18312829242136475,-0.021553895664396406,0.004118098601684741,134487,76008,58479,53,schoolfe_adjusted,log_real_price_psf,80,1.0,0.5,0.0,,True,True,-0.8680007842959969
0.005988069789579773,0.012837063370516426,0.6408810765354976,-0.01917257441663242,0.031148713995791964,69786,41466,28320,45,schoolfe_minimal,log_real_price_psf,80,2.0,0.5,0.0,1.05,False,True,0.6006034118801074
-0.007431558026473623,0.006800278866617748,0.27446784833007043,-0.02076010460504441,0.005896988552097162,69786,41466,28320,45,schoolfe_adjusted,log_real_price_psf,80,2.0,0.5,0.0,1.05,True,True,-0.7404012277305028
