coef,se,p_value,ci_lo,ci_hi,n,n_left,n_right,n_clusters,spec,outcome,threshold,cutoff_km,bandwidth_km,donut_km,ring_lower_km,include_controls,add_year_fe,pct_effect
-0.013910712104245188,0.02016442478531303,0.4902796742246187,-0.05343298468345872,0.025611560474968348,120711,69283,51428,53,schoolfe_donut_0.05,log_real_price_psf,80,1.0,0.5,0.05,,False,True,-1.3814405231538207
-0.007879791346885089,0.025233074689052823,0.7548275339967687,-0.05733661773742862,0.04157703504365844,106708,62041,44667,53,schoolfe_donut_0.1,log_real_price_psf,80,1.0,0.5,0.1,,False,True,-0.7848827174832373
