coef,se,p_value,ci_lo,ci_hi,n,n_left,n_right,n_clusters,spec,outcome,threshold,cutoff_km,bandwidth_km,donut_km,ring_lower_km,include_controls,add_year_fe,pct_effect
-0.007711530962356054,0.012408625691607476,0.5342934831002528,-0.032032437317906705,0.016609375393194598,156398,96435,59963,63,schoolfe_minimal,log_real_price_psf,75,1.0,0.5,0.0,,False,True,-0.7681873391521821
-0.005354249049966369,0.005473695699478841,0.32798626482269444,-0.016082692620944895,0.0053741945210121584,156398,96435,59963,63,schoolfe_adjusted,log_real_price_psf,75,1.0,0.5,0.0,,True,True,-0.5339940606901239
0.05505240998122749,0.0417226228385947,0.18700674144112672,-0.026723930782418116,0.1368287507448731,56378,38404,17974,51,schoolfe_minimal,log_real_price_psf,75,2.0,0.5,0.0,1.05,False,True,5.659598940035693
0.0017463574515683205,0.00900460502766923,0.8462224843147015,-0.01590266840266337,0.019395383305800012,56378,38404,17974,51,schoolfe_adjusted,log_real_price_psf,75,2.0,0.5,0.0,1.05,True,True,0.17478832217934226
