coef,se,p_value,ci_lo,ci_hi,n,n_left,n_right,n_clusters,spec,outcome,threshold,cutoff_km,bandwidth_km,donut_km,ring_lower_km,include_controls,add_year_fe,pct_effect
-0.008369803648850259,0.01945272823685078,0.6670037987592308,-0.04649715099307779,0.029757543695377267,140031,88136,51895,63,schoolfe_donut_0.05,log_real_price_psf,75,1.0,0.5,0.05,,False,True,-0.8334874360650169
-0.011386716395474193,0.023206497697998343,0.6236603506484846,-0.056871451883550944,0.03409801909260256,124614,79537,45077,63,schoolfe_donut_0.1,log_real_price_psf,75,1.0,0.5,0.1,,False,True,-1.132213310330854
