coef,se,p_value,ci_lo,ci_hi,n,n_left,n_right,n_clusters,spec,outcome,threshold,cutoff_km,bandwidth_km,donut_km,ring_lower_km,include_controls,add_year_fe,pct_effect
1.006216245796192,1.252632192938178,0.4218120580358844,-1.448942852362637,3.4613753439550212,156398,96435,59963,63,schoolfe_balance_floor_area_sqm,floor_area_sqm,75,1.0,0.5,0.0,,False,True,
0.49784302333048513,0.9269149770550901,0.5912007844165487,-1.3189103316974913,2.3145963783584618,156398,96435,59963,63,schoolfe_balance_remaining_lease_years,remaining_lease_years,75,1.0,0.5,0.0,,False,True,
-0.0007547777648123015,0.0016126073162417431,0.6397502041207084,-0.003915488104646118,0.002405932575021515,156398,96435,59963,63,schoolfe_balance_mature_estate,mature_estate,75,1.0,0.5,0.0,,False,True,
0.026954531012767752,0.018753245776327723,0.1506253348734629,-0.009801830708834582,0.06371089273437008,156398,96435,59963,63,schoolfe_balance_dist_to_nearest_mrt_km,dist_to_nearest_mrt_km,75,1.0,0.5,0.0,,False,True,
-0.015643694894571014,0.017912763707102194,0.3824850289974929,-0.050752711760491315,0.019465321971349286,156398,96435,59963,63,schoolfe_balance_dist_to_nearest_mall_km,dist_to_nearest_mall_km,75,1.0,0.5,0.0,,False,True,
-0.02423760512518037,0.017091302899813123,0.15615425304759517,-0.057736558808814085,0.009261348558453349,156398,96435,59963,63,schoolfe_balance_dist_to_nearest_hawker_km,dist_to_nearest_hawker_km,75,1.0,0.5,0.0,,False,True,
0.005201308761442795,0.004122559270245085,0.20706760800460255,-0.0028789074082375713,0.01328152493112316,156398,96435,59963,63,schoolfe_balance_dist_to_nearest_busstop_km,dist_to_nearest_busstop_km,75,1.0,0.5,0.0,,False,True,
1.0329444397596375,0.06695562832040089,1.0726774205494376e-53,0.9017114082516517,1.1641774712676232,156398,96435,59963,63,schoolfe_balance_countall_0_1km,countall_0_1km,75,1.0,0.5,0.0,,False,True,
-1.0215176035633962,0.11666780084309625,2.026966571704924e-18,-1.2501864932158648,-0.7928487139109275,156398,96435,59963,63,schoolfe_balance_countall_1_2km,countall_1_2km,75,1.0,0.5,0.0,,False,True,
