coef,se,p_value,ci_lo,ci_hi,n,n_left,n_right,n_clusters,spec,outcome,threshold,cutoff_km,bandwidth_km,donut_km,ring_lower_km,include_controls,add_year_fe,pct_effect
-0.025353299651556062,0.011721731332296662,0.030546463544049385,-0.04832789306285752,-0.0023787062402546057,84126,45850,38276,51,schoolfe_bw_0.3,log_real_price_psf,80,1.0,0.3,0.0,,False,True,-2.5034603761508345
-0.01705656084222625,0.01112024658933786,0.125071635055272,-0.03885224415732845,0.0047391224728759555,134487,76008,58479,53,schoolfe_bw_0.5,log_real_price_psf,80,1.0,0.5,0.0,,False,True,-1.6911921227350746
-0.01035695577975122,0.011893494498914931,0.38385873827179384,-0.03366820499762448,0.012954293438122044,202795,116193,86602,53,schoolfe_bw_0.8,log_real_price_psf,80,1.0,0.8,0.0,,False,True,-1.0303507193932693
-0.005197095776266234,0.012114036380653552,0.6679127616799916,-0.028940607082347195,0.018546415529814727,223099,123154,99945,53,schoolfe_bw_1.0,log_real_price_psf,80,1.0,1.0,0.0,,False,True,-0.5183614239070433
0.009936503780886523,0.01267470210616578,0.43306152980679125,-0.014905912347198408,0.03477891990897145,39945,21606,18339,39,schoolfe_bw_0.3,log_real_price_psf,80,2.0,0.3,0.0,1.05,False,True,0.9986034753544981
0.005988069789579773,0.012837063370516426,0.6408810765354976,-0.01917257441663242,0.031148713995791964,69786,41466,28320,45,schoolfe_bw_0.5,log_real_price_psf,80,2.0,0.5,0.0,1.05,False,True,0.6006034118801074
-0.0035962358398109,0.017769284849368055,0.839615792504331,-0.03842403414457229,0.03123156246495049,114997,73926,41071,51,schoolfe_bw_0.8,log_real_price_psf,80,2.0,0.8,0.0,1.05,False,True,-0.35897771283727176
0.0024047765490523565,0.022354372047213442,0.9143326524108716,-0.04140979266348599,0.0462193457615907,140986,92894,48092,53,schoolfe_bw_1.0,log_real_price_psf,80,2.0,1.0,0.0,1.05,False,True,0.2407670343355761
