threshold,cutoff_km,window_km,left_count,right_count,z_stat,p_value
80,1.0,0.05,6725,7051,-2.7775125696083127,0.005477672137695233
80,1.0,0.1,13967,13812,0.9299795406751553,0.35238167763369677
80,2.0,0.05,2834,2724,1.4754802951836905,0.14008346207667
80,2.0,0.1,6006,5643,3.3632744061224304,0.0007702376033418279
