coef,se,p_value,ci_lo,ci_hi,n,n_left,n_right,spec,outcome,threshold,cutoff_km,bandwidth_km,kernel,poly_order,donut_km,ring_lower_km,extra_formula,pct_effect
1.8504666031461505,0.2693776001186221,6.446558700282576e-12,1.322486506913651,2.37844669937865,156398,96435,59963,balance_floor_area_sqm,floor_area_sqm,75,1.0,0.5,triangular,1,0.0,,,536.278772683289
0.4656413701759117,0.1534560391026599,0.0024104398210249853,0.1648675335346983,0.766415206817125,156398,96435,59963,balance_remaining_lease_years,remaining_lease_years,75,1.0,0.5,triangular,1,0.0,,,59.30355868195542
0.018400647388960804,0.003520405144050563,1.7241756510913468e-07,0.0115006533066217,0.025300641471299908,156398,96435,59963,balance_dist_to_nearest_mrt_km,dist_to_nearest_mrt_km,75,1.0,0.5,triangular,1,0.0,,,1.8570982455645701
0.004485070982815506,0.003991536723688165,0.261163583141487,-0.003338340995613298,0.012308482961244309,156398,96435,59963,balance_dist_to_nearest_mall_km,dist_to_nearest_mall_km,75,1.0,0.5,triangular,1,0.0,,,0.44951439673961424
-0.022394365390855885,0.005095856970045592,1.1096564682228135e-05,-0.03238224505214524,-0.012406485729566525,156398,96435,59963,balance_dist_to_nearest_hawker_km,dist_to_nearest_hawker_km,75,1.0,0.5,triangular,1,0.0,,,-2.214547298148839
0.005615199851562698,0.0006127636438217867,5.013435481257975e-20,0.004414183109671997,0.0068162165934534,156398,96435,59963,balance_dist_to_nearest_busstop_km,dist_to_nearest_busstop_km,75,1.0,0.5,triangular,1,0.0,,,0.5630994636034004
1.069618817557438,0.016650967741737733,0.0,1.036982920783632,1.1022547143312438,156398,96435,59963,balance_countall_0_1km,countall_0_1km,75,1.0,0.5,triangular,1,0.0,,,191.42684202736908
-1.100550647849442,0.028055336282314595,0.0,-1.1555391069627787,-1.0455621887361053,156398,96435,59963,balance_countall_1_2km,countall_1_2km,75,1.0,0.5,triangular,1,0.0,,,-66.73121605921328
