coef,se,p_value,ci_lo,ci_hi,n,n_left,n_right,spec,outcome,threshold,cutoff_km,bandwidth_km,kernel,poly_order,donut_km,ring_lower_km,extra_formula,pct_effect
0.011230879597822385,0.0024241355730874902,3.605055009445081e-06,0.006479573874570904,0.015982185321073865,142777,74906,67871,placebo_0.8,log_real_price_psf,80,0.8,0.5,triangular,1,0.0,,,1.1294182687257903
-0.001340673105873112,0.002447616820567429,0.5838661021894453,-0.0061380020741852725,0.0034566558624390484,124189,71869,52320,placebo_1.2,log_real_price_psf,80,1.2,0.5,triangular,1,0.0,,,-0.13397748051721114
