coef,se,p_value,ci_lo,ci_hi,n,n_left,n_right,spec,outcome,threshold,cutoff_km,bandwidth_km,kernel,poly_order,donut_km,ring_lower_km,extra_formula,pct_effect
-0.010516349758474295,0.0030024057320713108,0.00046066969453277274,-0.016401064993334064,-0.004631634523614526,95925,56008,39917,bw_0.3,log_real_price_psf,75,1.0,0.3,triangular,1,0.0,,,-1.0461246283984815
-0.0011767272048964395,0.002331493936184895,0.6137628676910435,-0.005746455319818834,0.0033930009100259545,156398,96435,59963,bw_0.5,log_real_price_psf,75,1.0,0.5,triangular,1,0.0,,,-0.11760351329256347
0.0018557125151578335,0.0018593055139351402,0.3182465999069939,-0.0017885262921550412,0.0054999513224707084,236422,149723,86699,bw_0.8,log_real_price_psf,75,1.0,0.8,triangular,1,0.0,,,0.18574354151981165
0.006350869586915393,0.0017087197324279868,0.000201808714706297,0.0030017789113565394,0.009699960262474248,257705,159338,98367,bw_1.0,log_real_price_psf,75,1.0,1.0,triangular,1,0.0,,,0.6371079119219969
0.060155781177330434,0.00673347583877431,4.114803531234955e-19,0.04695816853333279,0.07335339382132808,31440,19504,11936,bw_0.3,log_real_price_psf,75,2.0,0.3,triangular,1,0.0,1.05,,6.200197357758741
0.06429735869608194,0.0050842801283742375,1.1726078509886807e-36,0.05433216964446844,0.07426254774769545,56378,38404,17974,bw_0.5,log_real_price_psf,75,2.0,0.5,triangular,1,0.0,1.05,,6.64094577448906
0.079649513606647,0.003930913264757365,2.7648634071256824e-91,0.07194492360772256,0.08735410360557144,95823,70529,25294,bw_0.8,log_real_price_psf,75,2.0,0.8,triangular,1,0.0,1.05,,8.290745682574796
0.08906620150929319,0.0034973260511750306,4.58311616325103e-143,0.08221144244899013,0.09592096056959624,118521,90299,28222,bw_1.0,log_real_price_psf,75,2.0,1.0,triangular,1,0.0,1.05,,9.315302231090051
