coef,se,p_value,ci_lo,ci_hi,n,n_left,n_right,spec,outcome,threshold,cutoff_km,bandwidth_km,kernel,poly_order,donut_km,ring_lower_km,extra_formula,pct_effect
-0.0004955281733024905,0.0029798316385917082,0.8679255741994474,-0.006335998184942238,0.005344941838337257,120711,69283,51428,donut_0.05,log_real_price_psf,80,1.0,0.5,triangular,1,0.05,,,-0.04954054194939994
0.00023605088686545414,0.003876282957235358,0.9514418789467528,-0.007361463709315847,0.007833565483046756,106708,62041,44667,donut_0.1,log_real_price_psf,80,1.0,0.5,triangular,1,0.1,,,0.02360787490682803
