coef,se,p_value,ci_lo,ci_hi,n,n_left,n_right,spec,outcome,threshold,cutoff_km,bandwidth_km,kernel,poly_order,donut_km,ring_lower_km,extra_formula,pct_effect
-0.018328932368280964,0.002382482458369494,1.434913046685665e-14,-0.022998597986685174,-0.013659266749876756,134487,76008,58479,main_minimal,log_real_price_psf,80,1.0,0.5,triangular,1,0.0,,,-1.8161979068736955
-0.0032022023999700162,0.0013117944685585947,0.014643189190535975,-0.005773319558344862,-0.0006310852415951705,134487,76008,58479,main_adjusted,log_real_price_psf,80,1.0,0.5,triangular,1,0.0,,floor_area_sqm + remaining_lease_years + dist_to_nearest_mrt_km + dist_to_nearest_mall_km + dist_to_nearest_hawker_km + dist_to_nearest_busstop_km + countall_0_1km + countall_1_2km + mature_estate + C(year) + C(town),-0.3197080818103881
-0.0436127526010238,0.004146418169083374,7.123995090307413e-26,-0.05173973221242721,-0.035485772989620384,69786,41466,28320,main_minimal,log_real_price_psf,80,2.0,0.5,triangular,1,0.0,1.05,,-4.267539283404909
0.0001500880937526118,0.001875235397189835,0.9362078802350011,-0.0035253732847394647,0.003825549472244688,69786,41466,28320,main_adjusted,log_real_price_psf,80,2.0,0.5,triangular,1,0.0,1.05,floor_area_sqm + remaining_lease_years + dist_to_nearest_mrt_km + dist_to_nearest_mall_km + dist_to_nearest_hawker_km + dist_to_nearest_busstop_km + countall_0_1km + countall_1_2km + mature_estate + C(year) + C(town),0.015009935753407255
