{
  "model_version": "hedonic-linear-good75-20260403",
  "created_utc": "2026-04-03T12:49:37.038621",
  "good_school_threshold": 75,
  "target_scale": "log_real_price",
  "prediction_scale": "real_price",
  "feature_columns": [
    "floor_area_sqm",
    "remaining_lease_years",
    "mature_estate",
    "dist_to_nearest_hawker_km",
    "dist_to_nearest_busstop_km",
    "dist_to_nearest_mall_km",
    "dist_to_nearest_mrt_km",
    "dist_to_cbd_km",
    "countall_0_1km",
    "countall_1_2km",
    "d_0_1km_good75",
    "d_1_2km_good75",
    "count_0_1km_good75",
    "count_1_2km_good75",
    "dist_nearest_goodschool_75",
    "year",
    "quarter",
    "town",
    "flat_type",
    "storey_relative_category"
  ],
  "train_n": 238496,
  "val_n": 52923,
  "validation_residual_std": 0.0987056091896921,
  "validation_real": {
    "mean_price": 329143.2083100211,
    "median_price": 315964.52328159596,
    "mae_price": 25953.933624305188,
    "rmse_price": 34620.21317048957,
    "mae_pct_of_mean_price": 7.885301281945059,
    "rmse_pct_of_mean_price": 10.51828270990197,
    "mae_pct_of_median_price": 8.214192326008181,
    "rmse_pct_of_median_price": 10.956993782379524,
    "mape_pct": 8.255403163891646,
    "abs_error_q80": 41228.70808340704,
    "abs_error_q90": 54983.62216537576,
    "abs_error_q95": 68302.31866498398,
    "ape_q80_pct": 12.95408905419439,
    "ape_q90_pct": 17.4959363032805,
    "ape_q95_pct": 22.04778885375946
  },
  "validation_nominal": {
    "mean_price": 631512.2616784764,
    "median_price": 608887.999999999,
    "mae_price": 49980.21483663906,
    "rmse_price": 66686.73162258326,
    "mae_pct_of_mean_price": 7.914369659869824,
    "rmse_pct_of_mean_price": 10.559847475540494,
    "mae_pct_of_median_price": 8.208441427099753,
    "rmse_pct_of_median_price": 10.952216437601558,
    "mape_pct": 8.255403163891646,
    "abs_error_q80": 79213.8090509581,
    "abs_error_q90": 106936.00523666047,
    "abs_error_q95": 133212.85038910052,
    "ape_q80_pct": 12.95408905419439,
    "ape_q90_pct": 17.4959363032805,
    "ape_q95_pct": 22.047788853759457
  },
  "interval_calibration": {
    "method": "validation_ape_quantile",
    "default_quantile_for_p10_p90": 0.9,
    "ape_q90_pct": 17.4959363032805
  }
}