{
  "model_version": "hedonic-linear-good85-20260403",
  "created_utc": "2026-04-03T12:49:43.401393",
  "good_school_threshold": 85,
  "target_scale": "log_real_price",
  "prediction_scale": "real_price",
  "feature_columns": [
    "floor_area_sqm",
    "remaining_lease_years",
    "mature_estate",
    "dist_to_nearest_hawker_km",
    "dist_to_nearest_busstop_km",
    "dist_to_nearest_mall_km",
    "dist_to_nearest_mrt_km",
    "dist_to_cbd_km",
    "countall_0_1km",
    "countall_1_2km",
    "d_0_1km_good85",
    "d_1_2km_good85",
    "count_0_1km_good85",
    "count_1_2km_good85",
    "dist_nearest_goodschool_85",
    "year",
    "quarter",
    "town",
    "flat_type",
    "storey_relative_category"
  ],
  "train_n": 238496,
  "val_n": 52923,
  "validation_residual_std": 0.09884582570954573,
  "validation_real": {
    "mean_price": 329143.2083100211,
    "median_price": 315964.52328159596,
    "mae_price": 26029.040792185784,
    "rmse_price": 34696.19624059317,
    "mae_pct_of_mean_price": 7.90812027561843,
    "rmse_pct_of_mean_price": 10.541367819418198,
    "mae_pct_of_median_price": 8.237963085807584,
    "rmse_pct_of_median_price": 10.981041757549153,
    "mape_pct": 8.283008590867368,
    "abs_error_q80": 41232.689192502505,
    "abs_error_q90": 55212.17126330762,
    "abs_error_q95": 68599.57481508986,
    "ape_q80_pct": 12.960416689254615,
    "ape_q90_pct": 17.546108805370313,
    "ape_q95_pct": 22.175825421345277
  },
  "validation_nominal": {
    "mean_price": 631512.2616784764,
    "median_price": 608887.999999999,
    "mae_price": 50136.514083502225,
    "rmse_price": 66874.66460644928,
    "mae_pct_of_mean_price": 7.939119653867999,
    "rmse_pct_of_mean_price": 10.589606673464303,
    "mae_pct_of_median_price": 8.234111048912494,
    "rmse_pct_of_median_price": 10.983081388769264,
    "mape_pct": 8.283008590867368,
    "abs_error_q80": 79409.1850255909,
    "abs_error_q90": 107043.11651505297,
    "abs_error_q95": 133549.2601821119,
    "ape_q80_pct": 12.96041668925462,
    "ape_q90_pct": 17.546108805370313,
    "ape_q95_pct": 22.175825421345284
  },
  "interval_calibration": {
    "method": "validation_ape_quantile",
    "default_quantile_for_p10_p90": 0.9,
    "ape_q90_pct": 17.546108805370313
  }
}