{
  "model_version": "hedonic-linear-good80-20260406",
  "created_utc": "2026-04-06T09:38:25.186450",
  "good_school_threshold": 80,
  "target_scale": "log_real_price",
  "prediction_scale": "real_price",
  "feature_columns": [
    "floor_area_sqm",
    "remaining_lease_years",
    "mature_estate",
    "dist_to_nearest_hawker_km",
    "dist_to_nearest_busstop_km",
    "dist_to_nearest_mall_km",
    "dist_to_nearest_mrt_km",
    "dist_to_cbd_km",
    "countall_0_1km",
    "countall_1_2km",
    "d_0_1km_good80",
    "d_1_2km_good80",
    "count_0_1km_good80",
    "count_1_2km_good80",
    "dist_nearest_goodschool_80",
    "year",
    "quarter",
    "town",
    "flat_type",
    "storey_relative_category"
  ],
  "train_n": 238496,
  "val_n": 52923,
  "validation_residual_std": 0.09893313453942844,
  "validation_real": {
    "mean_price": 329143.2083100211,
    "median_price": 315964.52328159596,
    "mae_price": 25994.179638947804,
    "rmse_price": 34656.174618816134,
    "mae_pct_of_mean_price": 7.897528790709179,
    "rmse_pct_of_mean_price": 10.529208485497099,
    "mae_pct_of_median_price": 8.226929836607352,
    "rmse_pct_of_median_price": 10.96837526532358,
    "mape_pct": 8.27238090521054,
    "abs_error_q80": 41240.443882050524,
    "abs_error_q90": 55257.926261532026,
    "abs_error_q95": 68372.15819120624,
    "ape_q80_pct": 12.975247916048493,
    "ape_q90_pct": 17.533667393606752,
    "ape_q95_pct": 22.158045411596365
  },
  "validation_nominal": {
    "mean_price": 631512.2616784764,
    "median_price": 608887.999999999,
    "mae_price": 50068.6795557496,
    "rmse_price": 66785.65393790156,
    "mae_pct_of_mean_price": 7.928378052814628,
    "rmse_pct_of_mean_price": 10.575511829397279,
    "mae_pct_of_median_price": 8.222970325536009,
    "rmse_pct_of_median_price": 10.96846282697338,
    "mape_pct": 8.27238090521054,
    "abs_error_q80": 79336.3298010172,
    "abs_error_q90": 107188.0805079179,
    "abs_error_q95": 133451.30766216593,
    "ape_q80_pct": 12.975247916048488,
    "ape_q90_pct": 17.53366739360675,
    "ape_q95_pct": 22.15804541159637
  },
  "interval_calibration": {
    "method": "validation_ape_quantile",
    "default_quantile_for_p10_p90": 0.9,
    "ape_q90_pct": 17.53366739360675
  }
}