{
  "model_version": "hedonic-linear-good90-20260403",
  "created_utc": "2026-04-03T12:49:46.058334",
  "good_school_threshold": 90,
  "target_scale": "log_real_price",
  "prediction_scale": "real_price",
  "feature_columns": [
    "floor_area_sqm",
    "remaining_lease_years",
    "mature_estate",
    "dist_to_nearest_hawker_km",
    "dist_to_nearest_busstop_km",
    "dist_to_nearest_mall_km",
    "dist_to_nearest_mrt_km",
    "dist_to_cbd_km",
    "countall_0_1km",
    "countall_1_2km",
    "d_0_1km_good90",
    "d_1_2km_good90",
    "count_0_1km_good90",
    "count_1_2km_good90",
    "dist_nearest_goodschool_90",
    "year",
    "quarter",
    "town",
    "flat_type",
    "storey_relative_category"
  ],
  "train_n": 238496,
  "val_n": 52923,
  "validation_residual_std": 0.09893250651217797,
  "validation_real": {
    "mean_price": 329143.2083100211,
    "median_price": 315964.52328159596,
    "mae_price": 26218.42191315544,
    "rmse_price": 34891.604672393674,
    "mae_pct_of_mean_price": 7.965657881192012,
    "rmse_pct_of_mean_price": 10.600736637266158,
    "mae_pct_of_median_price": 8.297900549356577,
    "rmse_pct_of_median_price": 11.042886812104962,
    "mape_pct": 8.34789996526536,
    "abs_error_q80": 41568.48955642715,
    "abs_error_q90": 55595.77600936556,
    "abs_error_q95": 68918.3522476594,
    "ape_q80_pct": 13.0845956153852,
    "ape_q90_pct": 17.69656359879103,
    "ape_q95_pct": 22.41533085873136
  },
  "validation_nominal": {
    "mean_price": 631512.2616784764,
    "median_price": 608887.999999999,
    "mae_price": 50514.47111386739,
    "rmse_price": 67279.79665943643,
    "mae_pct_of_mean_price": 7.998969169594044,
    "rmse_pct_of_mean_price": 10.653759355458213,
    "mae_pct_of_median_price": 8.296184374444476,
    "rmse_pct_of_median_price": 11.0496177719772,
    "mape_pct": 8.34789996526536,
    "abs_error_q80": 80222.57355968894,
    "abs_error_q90": 107923.17071907417,
    "abs_error_q95": 134256.06133527227,
    "ape_q80_pct": 13.084595615385206,
    "ape_q90_pct": 17.69656359879104,
    "ape_q95_pct": 22.415330858731366
  },
  "interval_calibration": {
    "method": "validation_ape_quantile",
    "default_quantile_for_p10_p90": 0.9,
    "ape_q90_pct": 17.69656359879104
  }
}